run_id,run_name,hidden,output_head,best_epoch,mode,threshold,split,samples,repeats,total_forwards,total_ms,ns_per_forward,forwards_per_second,checksum,dense_ops_per_pass,sparse_ops_per_pass,estimated_speedup,ops_saved_ratio,active_total_per_pass,activation_slots_per_pass,avg_active_ratio,avg_sparsity,avg_active_by_layer
f9521d9d19c4,top3_128x32x512_lr0p003_b32_s9,128x32x512,sigmoid1,31,dense,0.00000000,test,100,300,30000,14567,485599.78420000,2059.30898764,14220.65108588,54528000,54528000,1.00000000,0.00000000,67200,67200,1.00000000,0.00000000,L0=128.00/128;L1=32.00/32;L2=512.00/512
f9521d9d19c4,top3_128x32x512_lr0p003_b32_s9,128x32x512,sigmoid1,31,sparse_exact,0.00000000,test,100,300,30000,11484,382816.75886667,2612.21583653,14220.65108588,54528000,53483988,1.01952009,0.01914635,33285,67200,0.49531250,0.50468750,L0=70.19/128;L1=15.74/32;L2=246.92/512
f9521d9d19c4,top3_128x32x512_lr0p003_b32_s9,128x32x512,sigmoid1,31,sparse_threshold,0.02500000,test,100,300,30000,11479,382653.66956667,2613.32917866,14229.15865905,54528000,53455175,1.02006962,0.01967475,32335,67200,0.48117560,0.51882440,L0=68.29/128;L1=15.31/32;L2=239.75/512
f9521d9d19c4,top3_128x32x512_lr0p003_b32_s9,128x32x512,sigmoid1,31,sparse_threshold,0.05000000,test,100,300,30000,11424,380806.70313333,2626.00419523,14251.02868295,54528000,53424853,1.02064857,0.02023084,31347,67200,0.46647321,0.53352679,L0=66.41/128;L1=14.85/32;L2=232.21/512
f9521d9d19c4,top3_128x32x512_lr0p003_b32_s9,128x32x512,sigmoid1,31,sparse_threshold,0.07500000,test,100,300,30000,11467,382256.37296667,2616.04533167,14258.93898970,54528000,53401949,1.02108633,0.02065088,30406,67200,0.45247024,0.54752976,L0=64.60/128;L1=14.53/32;L2=224.93/512
f9521d9d19c4,top3_128x32x512_lr0p003_b32_s9,128x32x512,sigmoid1,31,sparse_threshold,0.10000000,test,100,300,30000,11425,380864.72200000,2625.60416399,14328.54942341,54528000,53372695,1.02164599,0.02118737,29418,67200,0.43776786,0.56223214,L0=62.57/128;L1=14.10/32;L2=217.51/512
