run_id,run_name,hidden,output_head,best_epoch,mode,threshold,split,samples,loss,accuracy,precision,recall,f1,true_negative,false_positive,false_negative,true_positive,duration_ms,dense_ops_total,sparse_ops_total,estimated_speedup,active_total,activation_slots_total,avg_active_count,avg_active_ratio,avg_sparsity,avg_active_by_layer,max_abs_diff_from_dense,mismatch_count_from_dense
f9521d9d19c4,top3_128x32x512_lr0p003_b32_s9,128x32x512,sigmoid1,31,dense,0.00000000,test,100,0.67664306,0.58000000,0.59090909,0.52000000,0.55319149,32,18,24,26,48,54528000,54528000,1.00000000,67200,67200,224.00000000,1.00000000,0.00000000,L0=128.00/128;L1=32.00/32;L2=512.00/512,0.00000000,0
f9521d9d19c4,top3_128x32x512_lr0p003_b32_s9,128x32x512,sigmoid1,31,sparse_exact,0.00000000,test,100,0.67664306,0.58000000,0.59090909,0.52000000,0.55319149,32,18,24,26,44,54528000,53483988,1.01952009,33285,67200,110.95000000,0.49531250,0.50468750,L0=70.19/128;L1=15.74/32;L2=246.92/512,0.00000000,0
f9521d9d19c4,top3_128x32x512_lr0p003_b32_s9,128x32x512,sigmoid1,31,sparse_threshold,0.02500000,test,100,0.67698954,0.56000000,0.56818182,0.50000000,0.53191489,31,19,25,25,44,54528000,53455175,1.02006962,32335,67200,107.78333333,0.48117560,0.51882440,L0=68.29/128;L1=15.31/32;L2=239.75/512,0.00447471,2
f9521d9d19c4,top3_128x32x512_lr0p003_b32_s9,128x32x512,sigmoid1,31,sparse_threshold,0.05000000,test,100,0.67556143,0.56000000,0.56521739,0.52000000,0.54166667,30,20,24,26,44,54528000,53424853,1.02064857,31347,67200,104.49000000,0.46647321,0.53352679,L0=66.41/128;L1=14.85/32;L2=232.21/512,0.00926708,2
f9521d9d19c4,top3_128x32x512_lr0p003_b32_s9,128x32x512,sigmoid1,31,sparse_threshold,0.07500000,test,100,0.67800823,0.57000000,0.57777778,0.52000000,0.54736842,31,19,24,26,44,54528000,53401949,1.02108633,30406,67200,101.35333333,0.45247024,0.54752976,L0=64.60/128;L1=14.53/32;L2=224.93/512,0.01945720,1
f9521d9d19c4,top3_128x32x512_lr0p003_b32_s9,128x32x512,sigmoid1,31,sparse_threshold,0.10000000,test,100,0.67632640,0.58000000,0.59090909,0.52000000,0.55319149,32,18,24,26,45,54528000,53372695,1.02164599,29418,67200,98.06000000,0.43776786,0.56223214,L0=62.57/128;L1=14.10/32;L2=217.51/512,0.05249090,2
