run_id,run_name,hidden,output_head,best_epoch,mode,threshold,split,samples,repeats,total_forwards,total_ms,ns_per_forward,forwards_per_second,checksum,dense_ops_per_pass,sparse_ops_per_pass,estimated_speedup,ops_saved_ratio,active_total_per_pass,activation_slots_per_pass,avg_active_ratio,avg_sparsity,avg_active_by_layer
64a5ffeaa827,rank2_32x64x512_sigmoid1_lr0p01_b16_s24,32x64x512,sigmoid1,57,dense,0.00000000,test,100,300,30000,4699,156653.10366667,6383.53136065,12866.46061893,16640000,16640000,1.00000000,0.00000000,60800,60800,1.00000000,0.00000000,L0=32.00/32;L1=64.00/64;L2=512.00/512
64a5ffeaa827,rank2_32x64x512_sigmoid1_lr0p01_b16_s24,32x64x512,sigmoid1,57,sparse_exact,0.00000000,test,100,300,30000,3351,111706.34416667,8952.04303265,12866.46061893,16640000,14996835,1.10956745,0.09874790,29385,60800,0.48330592,0.51669408,L0=7.09/32;L1=35.53/64;L2=251.23/512
64a5ffeaa827,rank2_32x64x512_sigmoid1_lr0p01_b16_s24,32x64x512,sigmoid1,57,sparse_threshold,0.02500000,test,100,300,30000,3329,110979.23276667,9010.69483966,12877.80791640,16640000,14936878,1.11402128,0.10235108,28431,60800,0.46761513,0.53238487,L0=6.89/32;L1=34.40/64;L2=243.02/512
64a5ffeaa827,rank2_32x64x512_sigmoid1_lr0p01_b16_s24,32x64x512,sigmoid1,57,sparse_threshold,0.05000000,test,100,300,30000,3295,109846.22966667,9103.63517286,12866.38074747,16640000,14888759,1.11762169,0.10524285,27569,60800,0.45343750,0.54656250,L0=6.77/32;L1=33.49/64;L2=235.43/512
64a5ffeaa827,rank2_32x64x512_sigmoid1_lr0p01_b16_s24,32x64x512,sigmoid1,57,sparse_threshold,0.07500000,test,100,300,30000,3289,109647.09170000,9120.16893924,12902.93481581,16640000,14837049,1.12151682,0.10835042,26686,60800,0.43891447,0.56108553,L0=6.57/32;L1=32.52/64;L2=227.77/512
64a5ffeaa827,rank2_32x64x512_sigmoid1_lr0p01_b16_s24,32x64x512,sigmoid1,57,sparse_threshold,0.10000000,test,100,300,30000,3248,108298.77616667,9233.71468631,12931.92013010,16640000,14792312,1.12490867,0.11103894,25818,60800,0.42463816,0.57536184,L0=6.42/32;L1=31.68/64;L2=220.08/512
