run_id,run_name,hidden,output_head,best_epoch,mode,threshold,split,samples,loss,accuracy,precision,recall,f1,true_negative,false_positive,false_negative,true_positive,duration_ms,dense_ops_total,sparse_ops_total,estimated_speedup,active_total,activation_slots_total,avg_active_count,avg_active_ratio,avg_sparsity,avg_active_by_layer,max_abs_diff_from_dense,mismatch_count_from_dense
64a5ffeaa827,rank2_32x64x512_sigmoid1_lr0p01_b16_s24,32x64x512,sigmoid1,57,dense,0.00000000,test,100,0.78250754,0.50000000,0.50000000,0.38000000,0.43181818,31,19,31,19,16,16640000,16640000,1.00000000,60800,60800,202.66666667,1.00000000,0.00000000,L0=32.00/32;L1=64.00/64;L2=512.00/512,0.00000000,0
64a5ffeaa827,rank2_32x64x512_sigmoid1_lr0p01_b16_s24,32x64x512,sigmoid1,57,sparse_exact,0.00000000,test,100,0.78250754,0.50000000,0.50000000,0.38000000,0.43181818,31,19,31,19,14,16640000,14996835,1.10956745,29385,60800,97.95000000,0.48330592,0.51669408,L0=7.09/32;L1=35.53/64;L2=251.23/512,0.00000000,0
64a5ffeaa827,rank2_32x64x512_sigmoid1_lr0p01_b16_s24,32x64x512,sigmoid1,57,sparse_threshold,0.02500000,test,100,0.78182879,0.50000000,0.50000000,0.38000000,0.43181818,31,19,31,19,13,16640000,14936878,1.11402128,28431,60800,94.77000000,0.46761513,0.53238487,L0=6.89/32;L1=34.40/64;L2=243.02/512,0.00667183,0
64a5ffeaa827,rank2_32x64x512_sigmoid1_lr0p01_b16_s24,32x64x512,sigmoid1,57,sparse_threshold,0.05000000,test,100,0.78067002,0.50000000,0.50000000,0.38000000,0.43181818,31,19,31,19,13,16640000,14888759,1.11762169,27569,60800,91.89666667,0.45343750,0.54656250,L0=6.77/32;L1=33.49/64;L2=235.43/512,0.00881920,0
64a5ffeaa827,rank2_32x64x512_sigmoid1_lr0p01_b16_s24,32x64x512,sigmoid1,57,sparse_threshold,0.07500000,test,100,0.78136367,0.50000000,0.50000000,0.38000000,0.43181818,31,19,31,19,14,16640000,14837049,1.12151682,26686,60800,88.95333333,0.43891447,0.56108553,L0=6.57/32;L1=32.52/64;L2=227.77/512,0.01901401,2
64a5ffeaa827,rank2_32x64x512_sigmoid1_lr0p01_b16_s24,32x64x512,sigmoid1,57,sparse_threshold,0.10000000,test,100,0.78463074,0.49000000,0.48717949,0.38000000,0.42696629,30,20,31,19,13,16640000,14792312,1.12490867,25818,60800,86.06000000,0.42463816,0.57536184,L0=6.42/32;L1=31.68/64;L2=220.08/512,0.03604976,1
