run_id,run_name,hidden,output_head,best_epoch,mode,threshold,split,samples,repeats,total_forwards,total_ms,ns_per_forward,forwards_per_second,checksum,dense_ops_per_pass,sparse_ops_per_pass,estimated_speedup,ops_saved_ratio,active_total_per_pass,activation_slots_per_pass,avg_active_ratio,avg_sparsity,avg_active_by_layer
b980b0149657,rank1_32x64x512_softmax2_lr0p01_b16_s7,32x64x512,softmax2,11,dense,0.00000000,test,100,300,30000,4429,147657.17763333,6772.44422539,14025.31254162,16691200,16691200,1.00000000,0.00000000,60800,60800,1.00000000,0.00000000,L0=32.00/32;L1=64.00/64;L2=512.00/512
b980b0149657,rank1_32x64x512_softmax2_lr0p01_b16_s7,32x64x512,softmax2,11,sparse_exact,0.00000000,test,100,300,30000,3248,108273.06876667,9235.90705788,14025.31254162,16691200,14993904,1.11319907,0.10168808,28974,60800,0.47654605,0.52345395,L0=2.78/32;L1=35.52/64;L2=251.44/512
b980b0149657,rank1_32x64x512_softmax2_lr0p01_b16_s7,32x64x512,softmax2,11,sparse_threshold,0.02500000,test,100,300,30000,3147,104902.21366667,9532.68730036,14016.99401609,16691200,14713216,1.13443587,0.11850460,24269,60800,0.39916118,0.60083882,L0=2.54/32;L1=30.23/64;L2=209.92/512
b980b0149657,rank1_32x64x512_softmax2_lr0p01_b16_s7,32x64x512,softmax2,11,sparse_threshold,0.05000000,test,100,300,30000,3110,103685.02780000,9644.59402884,13975.03229576,16691200,14445708,1.15544354,0.13453149,19724,60800,0.32440789,0.67559211,L0=2.40/32;L1=25.18/64;L2=169.66/512
b980b0149657,rank1_32x64x512_softmax2_lr0p01_b16_s7,32x64x512,softmax2,11,sparse_threshold,0.07500000,test,100,300,30000,2979,99314.99396667,10068.97307305,13964.43816439,16691200,14201924,1.17527738,0.14913703,15752,60800,0.25907895,0.74092105,L0=2.20/32;L1=20.58/64;L2=134.74/512
b980b0149657,rank1_32x64x512_softmax2_lr0p01_b16_s7,32x64x512,softmax2,11,sparse_threshold,0.10000000,test,100,300,30000,2942,98082.53786667,10195.49475116,14063.61350026,16691200,14001860,1.19207020,0.16112323,12382,60800,0.20365132,0.79634868,L0=2.03/32;L1=16.81/64;L2=104.98/512
