run_id,run_name,hidden,output_head,best_epoch,mode,threshold,split,samples,loss,accuracy,precision,recall,f1,true_negative,false_positive,false_negative,true_positive,duration_ms,dense_ops_total,sparse_ops_total,estimated_speedup,active_total,activation_slots_total,avg_active_count,avg_active_ratio,avg_sparsity,avg_active_by_layer,max_abs_diff_from_dense,mismatch_count_from_dense
b980b0149657,rank1_32x64x512_softmax2_lr0p01_b16_s7,32x64x512,softmax2,11,dense,0.00000000,validation,100,0.68943648,0.59000000,0.80000000,0.24000000,0.36923077,47,3,38,12,14,16691200,16691200,1.00000000,60800,60800,202.66666667,1.00000000,0.00000000,L0=32.00/32;L1=64.00/64;L2=512.00/512,0.00000000,0
b980b0149657,rank1_32x64x512_softmax2_lr0p01_b16_s7,32x64x512,softmax2,11,sparse_exact,0.00000000,validation,100,0.68943648,0.59000000,0.80000000,0.24000000,0.36923077,47,3,38,12,12,16691200,14967090,1.11519340,28879,60800,96.26333333,0.47498355,0.52501645,L0=3.01/32;L1=34.97/64;L2=250.81/512,0.00000000,0
b980b0149657,rank1_32x64x512_softmax2_lr0p01_b16_s7,32x64x512,softmax2,11,sparse_threshold,0.02500000,validation,100,0.68981053,0.57000000,0.73333333,0.22000000,0.33846154,46,4,39,11,12,16691200,14716778,1.13416130,24541,60800,81.80333333,0.40363487,0.59636513,L0=2.78/32;L1=30.26/64;L2=212.37/512,0.00881150,2
b980b0149657,rank1_32x64x512_softmax2_lr0p01_b16_s7,32x64x512,softmax2,11,sparse_threshold,0.05000000,validation,100,0.68934162,0.56000000,0.71428571,0.20000000,0.31250000,46,4,40,10,11,16691200,14452296,1.15491684,20458,60800,68.19333333,0.33648026,0.66351974,L0=2.65/32;L1=25.25/64;L2=176.68/512,0.01451095,3
b980b0149657,rank1_32x64x512_softmax2_lr0p01_b16_s7,32x64x512,softmax2,11,sparse_threshold,0.07500000,validation,100,0.68868356,0.57000000,0.73333333,0.22000000,0.33846154,46,4,39,11,12,16691200,14247298,1.17153442,16823,60800,56.07666667,0.27669408,0.72330592,L0=2.51/32;L1=21.39/64;L2=144.33/512,0.03445331,8
b980b0149657,rank1_32x64x512_softmax2_lr0p01_b16_s7,32x64x512,softmax2,11,sparse_threshold,0.10000000,validation,100,0.68878972,0.54000000,0.66666667,0.16000000,0.25806452,46,4,42,8,12,16691200,14051042,1.18789767,13255,60800,44.18333333,0.21800987,0.78199013,L0=2.36/32;L1=17.70/64;L2=112.49/512,0.04491497,5
