run_id,run_name,hidden,output_head,best_epoch,mode,threshold,split,samples,loss,accuracy,precision,recall,f1,true_negative,false_positive,false_negative,true_positive,duration_ms,dense_ops_total,sparse_ops_total,estimated_speedup,active_total,activation_slots_total,avg_active_count,avg_active_ratio,avg_sparsity,avg_active_by_layer,max_abs_diff_from_dense,mismatch_count_from_dense
b980b0149657,rank1_32x64x512_softmax2_lr0p01_b16_s7,32x64x512,softmax2,11,dense,0.00000000,test,100,0.68973156,0.51000000,0.60000000,0.06000000,0.10909091,48,2,47,3,16,16691200,16691200,1.00000000,60800,60800,202.66666667,1.00000000,0.00000000,L0=32.00/32;L1=64.00/64;L2=512.00/512,0.00000000,0
b980b0149657,rank1_32x64x512_softmax2_lr0p01_b16_s7,32x64x512,softmax2,11,sparse_exact,0.00000000,test,100,0.68973156,0.51000000,0.60000000,0.06000000,0.10909091,48,2,47,3,12,16691200,14993904,1.11319907,28974,60800,96.58000000,0.47654605,0.52345395,L0=2.78/32;L1=35.52/64;L2=251.44/512,0.00000000,0
b980b0149657,rank1_32x64x512_softmax2_lr0p01_b16_s7,32x64x512,softmax2,11,sparse_threshold,0.02500000,test,100,0.68929986,0.51000000,0.57142857,0.08000000,0.14035088,47,3,46,4,12,16691200,14713216,1.13443587,24269,60800,80.89666667,0.39916118,0.60083882,L0=2.54/32;L1=30.23/64;L2=209.92/512,0.00809823,2
b980b0149657,rank1_32x64x512_softmax2_lr0p01_b16_s7,32x64x512,softmax2,11,sparse_threshold,0.05000000,test,100,0.68977401,0.51000000,0.57142857,0.08000000,0.14035088,47,3,46,4,12,16691200,14445708,1.15544354,19724,60800,65.74666667,0.32440789,0.67559211,L0=2.40/32;L1=25.18/64;L2=169.66/512,0.01804090,6
b980b0149657,rank1_32x64x512_softmax2_lr0p01_b16_s7,32x64x512,softmax2,11,sparse_threshold,0.07500000,test,100,0.68902850,0.49000000,0.40000000,0.04000000,0.07272727,47,3,48,2,12,16691200,14201924,1.17527738,15752,60800,52.50666667,0.25907895,0.74092105,L0=2.20/32;L1=20.58/64;L2=134.74/512,0.03080795,4
b980b0149657,rank1_32x64x512_softmax2_lr0p01_b16_s7,32x64x512,softmax2,11,sparse_threshold,0.10000000,test,100,0.69158124,0.50000000,0.50000000,0.06000000,0.10714286,47,3,47,3,11,16691200,14001860,1.19207020,12382,60800,41.27333333,0.20365132,0.79634868,L0=2.03/32;L1=16.81/64;L2=104.98/512,0.03166185,7
