{
  "run_id": "f9521d9d19c4",
  "name": "top3_128x32x512_lr0p003_b32_s9",
  "run_directory": "runs/go_top3_dsa/go_runs/f9521d9d19c4_top3_128x32x512_lr0p003_b32_s9",
  "completed": true,
  "loaded_from_summary": false,
  "best_epoch": 31,
  "best_validation_loss": 0.6691817564733695,
  "best_validation_accuracy": 0.64,
  "output_head": "sigmoid1",
  "test_loss": 0.6766430607215144,
  "test_accuracy": 0.58,
  "test_precision": 0.5909090909090909,
  "test_recall": 0.52,
  "test_f1": 0.5531914893617023,
  "confusion": {
    "TruePositive": 26,
    "TrueNegative": 32,
    "FalsePositive": 18,
    "FalseNegative": 24
  },
  "train_time_ms": 253517,
  "epochs_run": 500
}
