run_id,run_name,hidden,output_head,best_epoch,mode,threshold,split,samples,repeats,total_forwards,total_ms,ns_per_forward,forwards_per_second,checksum,dense_ops_per_pass,sparse_ops_per_pass,estimated_speedup,ops_saved_ratio,active_total_per_pass,activation_slots_per_pass,avg_active_ratio,avg_sparsity,avg_active_by_layer
4b01605abc04,rank6_128x32x512_softmax2_lr0p003_b32_s12,128x32x512,softmax2,23,dense,0.00000000,test,100,300,30000,14550,485016.81480000,2061.78418868,17107.57726961,54579200,54579200,1.00000000,0.00000000,67200,67200,1.00000000,0.00000000,L0=128.00/128;L1=32.00/32;L2=512.00/512
4b01605abc04,rank6_128x32x512_softmax2_lr0p003_b32_s12,128x32x512,softmax2,23,sparse_exact,0.00000000,test,100,300,30000,13223,440797.53483333,2268.61522803,17107.57726961,54579200,53465994,1.02082082,0.02039616,32042,67200,0.47681548,0.52318452,L0=64.61/128;L1=15.28/32;L2=240.53/512
4b01605abc04,rank6_128x32x512_softmax2_lr0p003_b32_s12,128x32x512,softmax2,23,sparse_threshold,0.02500000,test,100,300,30000,12254,408480.13786667,2448.09944793,17108.01559626,54579200,53438292,1.02135001,0.02090371,31211,67200,0.46444940,0.53555060,L0=62.73/128;L1=14.88/32;L2=234.50/512
4b01605abc04,rank6_128x32x512_softmax2_lr0p003_b32_s12,128x32x512,softmax2,23,sparse_threshold,0.05000000,test,100,300,30000,11977,399246.74576667,2504.71672118,17116.21675793,54579200,53411352,1.02186516,0.02139731,30431,67200,0.45284226,0.54715774,L0=61.07/128;L1=14.48/32;L2=228.76/512
4b01605abc04,rank6_128x32x512_softmax2_lr0p003_b32_s12,128x32x512,softmax2,23,sparse_threshold,0.07500000,test,100,300,30000,11570,385685.45440000,2592.78639781,17094.98116626,54579200,53381658,1.02243359,0.02194136,29594,67200,0.44038690,0.55961310,L0=59.21/128;L1=14.04/32;L2=222.69/512
4b01605abc04,rank6_128x32x512_softmax2_lr0p003_b32_s12,128x32x512,softmax2,23,sparse_threshold,0.10000000,test,100,300,30000,11511,383721.12623333,2606.05927491,17083.94730905,54579200,53350830,1.02302438,0.02250619,28745,67200,0.42775298,0.57224702,L0=57.49/128;L1=13.57/32;L2=216.39/512
