run_id,run_name,hidden,output_head,best_epoch,mode,threshold,split,samples,loss,accuracy,precision,recall,f1,true_negative,false_positive,false_negative,true_positive,duration_ms,dense_ops_total,sparse_ops_total,estimated_speedup,active_total,activation_slots_total,avg_active_count,avg_active_ratio,avg_sparsity,avg_active_by_layer,max_abs_diff_from_dense,mismatch_count_from_dense
4b01605abc04,rank6_128x32x512_softmax2_lr0p003_b32_s12,128x32x512,softmax2,23,dense,0.00000000,validation,100,0.73674585,0.56000000,0.54166667,0.78000000,0.63934426,17,33,11,39,48,54579200,54579200,1.00000000,67200,67200,224.00000000,1.00000000,0.00000000,L0=128.00/128;L1=32.00/32;L2=512.00/512,0.00000000,0
4b01605abc04,rank6_128x32x512_softmax2_lr0p003_b32_s12,128x32x512,softmax2,23,sparse_exact,0.00000000,validation,100,0.73674585,0.56000000,0.54166667,0.78000000,0.63934426,17,33,11,39,44,54579200,53436904,1.02137654,31957,67200,106.52333333,0.47555060,0.52444940,L0=63.98/128;L1=14.75/32;L2=240.84/512,0.00000000,0
4b01605abc04,rank6_128x32x512_softmax2_lr0p003_b32_s12,128x32x512,softmax2,23,sparse_threshold,0.02500000,validation,100,0.73611384,0.56000000,0.54166667,0.78000000,0.63934426,17,33,11,39,43,54579200,53410326,1.02188479,31103,67200,103.67666667,0.46284226,0.53715774,L0=61.98/128;L1=14.38/32;L2=234.67/512,0.00440027,0
4b01605abc04,rank6_128x32x512_softmax2_lr0p003_b32_s12,128x32x512,softmax2,23,sparse_threshold,0.05000000,validation,100,0.73669160,0.55000000,0.53521127,0.76000000,0.62809917,17,33,12,38,44,54579200,53388416,1.02230416,30303,67200,101.01000000,0.45093750,0.54906250,L0=60.31/128;L1=14.08/32;L2=228.64/512,0.01682789,1
4b01605abc04,rank6_128x32x512_softmax2_lr0p003_b32_s12,128x32x512,softmax2,23,sparse_threshold,0.07500000,validation,100,0.73824091,0.56000000,0.54166667,0.78000000,0.63934426,17,33,11,39,43,54579200,53369474,1.02266700,29487,67200,98.29000000,0.43879464,0.56120536,L0=58.62/128;L1=13.84/32;L2=222.41/512,0.01917714,0
4b01605abc04,rank6_128x32x512_softmax2_lr0p003_b32_s12,128x32x512,softmax2,23,sparse_threshold,0.10000000,validation,100,0.74063301,0.55000000,0.53521127,0.76000000,0.62809917,17,33,12,38,43,54579200,53341862,1.02319638,28671,67200,95.57000000,0.42665179,0.57334821,L0=56.93/128;L1=13.43/32;L2=216.35/512,0.02430317,1
