run_id,run_name,hidden,output_head,best_epoch,mode,threshold,split,samples,loss,accuracy,precision,recall,f1,true_negative,false_positive,false_negative,true_positive,duration_ms,dense_ops_total,sparse_ops_total,estimated_speedup,active_total,activation_slots_total,avg_active_count,avg_active_ratio,avg_sparsity,avg_active_by_layer,max_abs_diff_from_dense,mismatch_count_from_dense
4b01605abc04,rank6_128x32x512_softmax2_lr0p003_b32_s12,128x32x512,softmax2,23,dense,0.00000000,test,100,0.72250644,0.44000000,0.45714286,0.64000000,0.53333333,12,38,18,32,50,54579200,54579200,1.00000000,67200,67200,224.00000000,1.00000000,0.00000000,L0=128.00/128;L1=32.00/32;L2=512.00/512,0.00000000,0
4b01605abc04,rank6_128x32x512_softmax2_lr0p003_b32_s12,128x32x512,softmax2,23,sparse_exact,0.00000000,test,100,0.72250644,0.44000000,0.45714286,0.64000000,0.53333333,12,38,18,32,46,54579200,53465994,1.02082082,32042,67200,106.80666667,0.47681548,0.52318452,L0=64.61/128;L1=15.28/32;L2=240.53/512,0.00000000,0
4b01605abc04,rank6_128x32x512_softmax2_lr0p003_b32_s12,128x32x512,softmax2,23,sparse_threshold,0.02500000,test,100,0.72296131,0.44000000,0.45714286,0.64000000,0.53333333,12,38,18,32,47,54579200,53438292,1.02135001,31211,67200,104.03666667,0.46444940,0.53555060,L0=62.73/128;L1=14.88/32;L2=234.50/512,0.00419474,0
4b01605abc04,rank6_128x32x512_softmax2_lr0p003_b32_s12,128x32x512,softmax2,23,sparse_threshold,0.05000000,test,100,0.72322716,0.44000000,0.45714286,0.64000000,0.53333333,12,38,18,32,46,54579200,53411352,1.02186516,30431,67200,101.43666667,0.45284226,0.54715774,L0=61.07/128;L1=14.48/32;L2=228.76/512,0.01139815,0
4b01605abc04,rank6_128x32x512_softmax2_lr0p003_b32_s12,128x32x512,softmax2,23,sparse_threshold,0.07500000,test,100,0.72566345,0.44000000,0.45714286,0.64000000,0.53333333,12,38,18,32,48,54579200,53381658,1.02243359,29594,67200,98.64666667,0.44038690,0.55961310,L0=59.21/128;L1=14.04/32;L2=222.69/512,0.02027800,0
4b01605abc04,rank6_128x32x512_softmax2_lr0p003_b32_s12,128x32x512,softmax2,23,sparse_threshold,0.10000000,test,100,0.72689006,0.44000000,0.45714286,0.64000000,0.53333333,12,38,18,32,45,54579200,53350830,1.02302438,28745,67200,95.81666667,0.42775298,0.57224702,L0=57.49/128;L1=13.57/32;L2=216.39/512,0.02901902,0
