run_id,run_name,hidden,output_head,best_epoch,mode,threshold,split,samples,repeats,total_forwards,total_ms,ns_per_forward,forwards_per_second,checksum,dense_ops_per_pass,sparse_ops_per_pass,estimated_speedup,ops_saved_ratio,active_total_per_pass,activation_slots_per_pass,avg_active_ratio,avg_sparsity,avg_active_by_layer
bfc4ca1b4d3f,top2_64x32x512_lr0p003_b16_s25,64x32x512,sigmoid1,28,dense,0.00000000,test,100,300,30000,8011,267045.63466667,3744.67832529,11746.01069506,28108800,28108800,1.00000000,0.00000000,60800,60800,1.00000000,0.00000000,L0=64.00/64;L1=32.00/32;L2=512.00/512
bfc4ca1b4d3f,top2_64x32x512_lr0p003_b16_s25,64x32x512,sigmoid1,28,sparse_exact,0.00000000,test,100,300,30000,6259,208653.22130000,4792.64108059,11746.01069506,28108800,27031223,1.03986416,0.03833593,29307,60800,0.48202303,0.51797697,L0=31.67/64;L1=13.49/32;L2=247.91/512
bfc4ca1b4d3f,top2_64x32x512_lr0p003_b16_s25,64x32x512,sigmoid1,28,sparse_threshold,0.02500000,test,100,300,30000,6212,207072.89946667,4829.21716253,11745.38096623,28108800,27011851,1.04060992,0.03902511,28519,60800,0.46906250,0.53093750,L0=30.95/64;L1=13.17/32;L2=241.07/512
bfc4ca1b4d3f,top2_64x32x512_lr0p003_b16_s25,64x32x512,sigmoid1,28,sparse_threshold,0.05000000,test,100,300,30000,6186,206213.32476667,4849.34715607,11733.26199760,28108800,26994911,1.04126293,0.03962777,27732,60800,0.45611842,0.54388158,L0=30.19/64;L1=12.90/32;L2=234.23/512
bfc4ca1b4d3f,top2_64x32x512_lr0p003_b16_s25,64x32x512,sigmoid1,28,sparse_threshold,0.07500000,test,100,300,30000,6279,209300.57036667,4777.81784468,11714.10779979,28108800,26975139,1.04202614,0.04033118,26962,60800,0.44345395,0.55654605,L0=29.50/64;L1=12.57/32;L2=227.55/512
bfc4ca1b4d3f,top2_64x32x512_lr0p003_b16_s25,64x32x512,sigmoid1,28,sparse_threshold,0.10000000,test,100,300,30000,6199,206649.84593333,4839.10353518,11699.50084788,28108800,26950629,1.04297380,0.04120315,26208,60800,0.43105263,0.56894737,L0=28.76/64;L1=12.15/32;L2=221.17/512
