run_id,run_name,hidden,output_head,best_epoch,mode,threshold,split,samples,loss,accuracy,precision,recall,f1,true_negative,false_positive,false_negative,true_positive,duration_ms,dense_ops_total,sparse_ops_total,estimated_speedup,active_total,activation_slots_total,avg_active_count,avg_active_ratio,avg_sparsity,avg_active_by_layer,max_abs_diff_from_dense,mismatch_count_from_dense
bfc4ca1b4d3f,top2_64x32x512_lr0p003_b16_s25,64x32x512,sigmoid1,28,dense,0.00000000,test,100,0.73416328,0.50000000,0.50000000,0.18000000,0.26470588,41,9,41,9,28,28108800,28108800,1.00000000,60800,60800,202.66666667,1.00000000,0.00000000,L0=64.00/64;L1=32.00/32;L2=512.00/512,0.00000000,0
bfc4ca1b4d3f,top2_64x32x512_lr0p003_b16_s25,64x32x512,sigmoid1,28,sparse_exact,0.00000000,test,100,0.73416328,0.50000000,0.50000000,0.18000000,0.26470588,41,9,41,9,26,28108800,27031223,1.03986416,29307,60800,97.69000000,0.48202303,0.51797697,L0=31.67/64;L1=13.49/32;L2=247.91/512,0.00000000,0
bfc4ca1b4d3f,top2_64x32x512_lr0p003_b16_s25,64x32x512,sigmoid1,28,sparse_threshold,0.02500000,test,100,0.73424181,0.50000000,0.50000000,0.18000000,0.26470588,41,9,41,9,24,28108800,27011851,1.04060992,28519,60800,95.06333333,0.46906250,0.53093750,L0=30.95/64;L1=13.17/32;L2=241.07/512,0.00413592,0
bfc4ca1b4d3f,top2_64x32x512_lr0p003_b16_s25,64x32x512,sigmoid1,28,sparse_threshold,0.05000000,test,100,0.73405798,0.51000000,0.52631579,0.20000000,0.28985507,41,9,40,10,23,28108800,26994911,1.04126293,27732,60800,92.44000000,0.45611842,0.54388158,L0=30.19/64;L1=12.90/32;L2=234.23/512,0.01030954,1
bfc4ca1b4d3f,top2_64x32x512_lr0p003_b16_s25,64x32x512,sigmoid1,28,sparse_threshold,0.07500000,test,100,0.73235604,0.50000000,0.50000000,0.18000000,0.26470588,41,9,41,9,23,28108800,26975139,1.04202614,26962,60800,89.87333333,0.44345395,0.55654605,L0=29.50/64;L1=12.57/32;L2=227.55/512,0.01675798,2
bfc4ca1b4d3f,top2_64x32x512_lr0p003_b16_s25,64x32x512,sigmoid1,28,sparse_threshold,0.10000000,test,100,0.73055526,0.51000000,0.52941176,0.18000000,0.26865672,42,8,41,9,23,28108800,26950629,1.04297380,26208,60800,87.36000000,0.43105263,0.56894737,L0=28.76/64;L1=12.15/32;L2=221.17/512,0.03724888,3
