run_id,run_name,hidden,output_head,best_epoch,mode,threshold,split,samples,repeats,total_forwards,total_ms,ns_per_forward,forwards_per_second,checksum,dense_ops_per_pass,sparse_ops_per_pass,estimated_speedup,ops_saved_ratio,active_total_per_pass,activation_slots_per_pass,avg_active_ratio,avg_sparsity,avg_active_by_layer
09236c8f94e3,rank5_64x32x512_softmax2_lr0p003_b16_s11,64x32x512,softmax2,72,dense,0.00000000,test,100,300,30000,7829,260981.56473333,3831.68826895,19582.76287725,28160000,28160000,1.00000000,0.00000000,60800,60800,1.00000000,0.00000000,L0=64.00/64;L1=32.00/32;L2=512.00/512
09236c8f94e3,rank5_64x32x512_softmax2_lr0p003_b16_s11,64x32x512,softmax2,72,sparse_exact,0.00000000,test,100,300,30000,6207,206902.93073333,4833.18431719,19582.76287725,28160000,27159712,1.03682985,0.03552159,28296,60800,0.46539474,0.53460526,L0=29.34/64;L1=15.70/32;L2=237.92/512
09236c8f94e3,rank5_64x32x512_softmax2_lr0p003_b16_s11,64x32x512,softmax2,72,sparse_threshold,0.02500000,test,100,300,30000,6189,206316.12606667,4846.93086801,19585.68454991,28160000,27138436,1.03764270,0.03627713,27573,60800,0.45350329,0.54649671,L0=28.51/64;L1=15.36/32;L2=231.86/512
09236c8f94e3,rank5_64x32x512_softmax2_lr0p003_b16_s11,64x32x512,softmax2,72,sparse_threshold,0.05000000,test,100,300,30000,6181,206060.01243333,4852.95515705,19596.05807103,28160000,27118664,1.03839924,0.03697926,26822,60800,0.44115132,0.55884868,L0=27.69/64;L1=15.05/32;L2=225.48/512
09236c8f94e3,rank5_64x32x512_softmax2_lr0p003_b16_s11,64x32x512,softmax2,72,sparse_threshold,0.07500000,test,100,300,30000,6169,205645.22730000,4862.74353716,19667.70418002,28160000,27097244,1.03922008,0.03773991,26012,60800,0.42782895,0.57217105,L0=26.87/64;L1=14.71/32;L2=218.54/512
09236c8f94e3,rank5_64x32x512_softmax2_lr0p003_b16_s11,64x32x512,softmax2,72,sparse_threshold,0.10000000,test,100,300,30000,6154,205137.58313333,4874.77713604,19653.05840752,28160000,27075354,1.04006027,0.03851726,25252,60800,0.41532895,0.58467105,L0=26.03/64;L1=14.36/32;L2=212.13/512
