run_id,run_name,hidden,output_head,best_epoch,mode,threshold,split,samples,loss,accuracy,precision,recall,f1,true_negative,false_positive,false_negative,true_positive,duration_ms,dense_ops_total,sparse_ops_total,estimated_speedup,active_total,activation_slots_total,avg_active_count,avg_active_ratio,avg_sparsity,avg_active_by_layer,max_abs_diff_from_dense,mismatch_count_from_dense
09236c8f94e3,rank5_64x32x512_softmax2_lr0p003_b16_s11,64x32x512,softmax2,72,dense,0.00000000,test,100,0.90900392,0.54000000,0.52777778,0.76000000,0.62295082,16,34,12,38,27,28160000,28160000,1.00000000,60800,60800,202.66666667,1.00000000,0.00000000,L0=64.00/64;L1=32.00/32;L2=512.00/512,0.00000000,0
09236c8f94e3,rank5_64x32x512_softmax2_lr0p003_b16_s11,64x32x512,softmax2,72,sparse_exact,0.00000000,test,100,0.90900392,0.54000000,0.52777778,0.76000000,0.62295082,16,34,12,38,25,28160000,27159712,1.03682985,28296,60800,94.32000000,0.46539474,0.53460526,L0=29.34/64;L1=15.70/32;L2=237.92/512,0.00000000,0
09236c8f94e3,rank5_64x32x512_softmax2_lr0p003_b16_s11,64x32x512,softmax2,72,sparse_threshold,0.02500000,test,100,0.91030597,0.54000000,0.52777778,0.76000000,0.62295082,16,34,12,38,24,28160000,27138436,1.03764270,27573,60800,91.91000000,0.45350329,0.54649671,L0=28.51/64;L1=15.36/32;L2=231.86/512,0.01089796,0
09236c8f94e3,rank5_64x32x512_softmax2_lr0p003_b16_s11,64x32x512,softmax2,72,sparse_threshold,0.05000000,test,100,0.91329641,0.54000000,0.52777778,0.76000000,0.62295082,16,34,12,38,26,28160000,27118664,1.03839924,26822,60800,89.40666667,0.44115132,0.55884868,L0=27.69/64;L1=15.05/32;L2=225.48/512,0.01532725,0
09236c8f94e3,rank5_64x32x512_softmax2_lr0p003_b16_s11,64x32x512,softmax2,72,sparse_threshold,0.07500000,test,100,0.91418875,0.54000000,0.52777778,0.76000000,0.62295082,16,34,12,38,26,28160000,27097244,1.03922008,26012,60800,86.70666667,0.42782895,0.57217105,L0=26.87/64;L1=14.71/32;L2=218.54/512,0.09183052,0
09236c8f94e3,rank5_64x32x512_softmax2_lr0p003_b16_s11,64x32x512,softmax2,72,sparse_threshold,0.10000000,test,100,0.91985603,0.53000000,0.52112676,0.74000000,0.61157025,16,34,13,37,23,28160000,27075354,1.04006027,25252,60800,84.17333333,0.41532895,0.58467105,L0=26.03/64;L1=14.36/32;L2=212.13/512,0.05326146,1
