run_id,run_name,hidden,output_head,best_epoch,mode,threshold,split,samples,loss,accuracy,precision,recall,f1,true_negative,false_positive,false_negative,true_positive,duration_ms,dense_ops_total,sparse_ops_total,estimated_speedup,active_total,activation_slots_total,avg_active_count,avg_active_ratio,avg_sparsity,avg_active_by_layer,max_abs_diff_from_dense,mismatch_count_from_dense
09236c8f94e3,rank5_64x32x512_softmax2_lr0p003_b16_s11,64x32x512,softmax2,72,dense,0.00000000,validation,100,1.22278251,0.59000000,0.55844156,0.86000000,0.67716535,16,34,7,43,25,28160000,28160000,1.00000000,60800,60800,202.66666667,1.00000000,0.00000000,L0=64.00/64;L1=32.00/32;L2=512.00/512,0.00000000,0
09236c8f94e3,rank5_64x32x512_softmax2_lr0p003_b16_s11,64x32x512,softmax2,72,sparse_exact,0.00000000,validation,100,1.22278251,0.59000000,0.55844156,0.86000000,0.67716535,16,34,7,43,23,28160000,27152506,1.03710501,28263,60800,94.21000000,0.46485197,0.53514803,L0=29.00/64;L1=15.58/32;L2=238.05/512,0.00000000,0
09236c8f94e3,rank5_64x32x512_softmax2_lr0p003_b16_s11,64x32x512,softmax2,72,sparse_threshold,0.02500000,validation,100,1.22315739,0.59000000,0.55844156,0.86000000,0.67716535,16,34,7,43,23,28160000,27129410,1.03798793,27425,60800,91.41666667,0.45106908,0.54893092,L0=28.32/64;L1=15.20/32;L2=230.73/512,0.00702640,0
09236c8f94e3,rank5_64x32x512_softmax2_lr0p003_b16_s11,64x32x512,softmax2,72,sparse_threshold,0.05000000,validation,100,1.22416073,0.59000000,0.55844156,0.86000000,0.67716535,16,34,7,43,23,28160000,27105244,1.03891336,26652,60800,88.84000000,0.43835526,0.56164474,L0=27.58/64;L1=14.80/32;L2=224.14/512,0.02240693,0
09236c8f94e3,rank5_64x32x512_softmax2_lr0p003_b16_s11,64x32x512,softmax2,72,sparse_threshold,0.07500000,validation,100,1.22087380,0.57000000,0.54430380,0.86000000,0.66666667,14,36,7,43,24,28160000,27083282,1.03975582,25886,60800,86.28666667,0.42575658,0.57424342,L0=26.89/64;L1=14.44/32;L2=217.53/512,0.04871556,2
09236c8f94e3,rank5_64x32x512_softmax2_lr0p003_b16_s11,64x32x512,softmax2,72,sparse_threshold,0.10000000,validation,100,1.21466784,0.55000000,0.53086420,0.86000000,0.65648855,12,38,7,43,23,28160000,27069634,1.04028004,25152,60800,83.84000000,0.41368421,0.58631579,L0=26.23/64;L1=14.24/32;L2=211.05/512,0.07098238,4
